simple,2050
SDES,763.5017552707056
bio,1.0
coal,0.5626
csp,0.0
gas,134.31915835158222
geo,11.84059461529986
h2,132.6780706215485
hydro,217.69362460852892
nuc,30.680994512935662
solar,3226.9328511751983
wind,1640.034459631779
