simple,2050
bio,0.76
coal,0.0
csp,0.2
gas,7.360346892277299
geo,18.10854082364967
hydro,95.14999999999998
nuc,80.01942389181102
solar,350.62526497440905
wind,520.9473227444162
