simple,2050
bio,0.76
coal,0.0
csp,0.2
gas,82.75908811578809
geo,22.9719263941931
hydro,95.14999999999998
nuc,117.22597726386712
solar,311.51416031785277
wind,413.19709049753345
