simple,2050
bio,0.76
coal,0.0
csp,0.0
foil,0.0175896
gas,14.314016104577268
geo,8.491838757590108
h2,0.0
hydro,73.86
loil,0.0
nuc,50.679413505191306
solar,541.5460320346286
wind,563.9656045572893
