simple,2050
VRE,51.003372683938665
bio,0.76
coal,32.594548419859294
csp,53.02593861364538
gas,203.19953976079523
geo,19.61
hydro,84.75999999999996
nuc,105.76427674668983
